{
  "if_update_param": false,
  "angle_h_n": [
    358.76,
    3.53,
    -1.49
  ],
  "jwg_biaoba": [
    123.2,
    41.75823,
    47.2
  ],
  "HeadToMWR": false,
  "init_state": true,
  "Lidar1_z": 2.086,
  "Version": 1,
  "Equipment_number": 2,
  "model": 0,
  "Type": 1,
  "angle_Car2Lidar_set": [
    [
      -4.31,
      -0.31,
      0.06
    ],
    [
      3.13,
      7.96,
      1.88
    ],
    [
      -16.35,
      -4.68,
      -3.38
    ]
  ],
  "pos_LidarO_Car": [
    [
      0.0,
      0.0,
      0.0
    ],
    [
      -1.09396155,
      1.30818361,
      -0.30573671
    ],
    [
      1.04366303,
      1.73805063,
      -0.33470241
    ]
  ],
  "controlcommunication_switch": true,
  "centertob1": [
    0.0,
    0.813,
    -2.086
  ],
  "hexahedron": [
    [
      -1.8,
      4.096,
      0
    ],
    [
      -1.8,
      4.096,
      2.086
    ],
    [
      1.8,
      4.096,
      0
    ],
    [
      1.8,
      4.096,
      2.086
    ],
    [
      -1.286,
      -4.336,
      0
    ],
    [
      -1.286,
      -4.336,
      2.086
    ],
    [
      1.286,
      -4.336,
      0
    ],
    [
      1.286,
      -4.336,
      2.086
    ]
  ],
  "roadparams": [
    4.4,
    2.6
  ],
  "reardist": 4.0,
  "carTocar2": [
    [
      1.2120237
    ],
    [
      1.62705657
    ],
    [
      1.62720876
    ]
  ],
  "y_thred": 14.0,
  "x_add": -0.2,
  "z_add": 0.3
}
