{
  "if_update_param": false,
  "angle_h_n": [
      0,
      -0.2475,
    0.2975
  ],
  "jwg_biaoba": [
    123.2,
    41.75823,
    47.2
  ],
  "HeadToMWR": false,
  "init_state": true,
  "Lidar1_z": 2.068,
  "Version": 1,
  "Equipment_number": 2,
  "model": 0,
  "Type": 1,
  "angle_Car2Lidar_set": [
    [
      1.6,
      -0.68,
      -0.76
    ],
    [
      -1.9,
      -4.86,
      -0.88
    ],
    [
      0.55,
      -1.58,
      1.06
    ]
  ],
  "pos_LidarO_Car": [
    [
      0.0,
      0.0,
      0.0
    ],
    [
      -0.609,
      0.80166,
      -0.146116
    ],
    [
      0.487,
      0.796767,
      -0.1518055
    ]
  ],
  "controlcommunication_switch": true,
  "centertob1": [
    0.0,
    0.758,
    -2.086
  ],
  "hexahedron": [
    [
      -1.8,
      3.507,
      0
    ],
    [
      -1.8,
      3.507,
      2.086
    ],
    [
      1.8,
      3.507,
      0
    ],
    [
      1.8,
      3.507,
      2.086
    ],
    [
      -1.35,
      -4.39,
      0
    ],
    [
      -1.35,
      -4.39,
      2.086
    ],
    [
      1.35,
      -4.39,
      0
    ],
    [
      1.35,
      -4.39,
      2.086
    ]
  ],
  "roadparams": [
    3.6,
    1.23
  ],
  "reardist": 4.0,
  "carTocar2": [
    [
      -0.021
    ],
    [
      0.058
    ],
    [
      0.27065
    ]
  ],
  "y_thred": 14.0,
  "x_add": -0.2,
  "z_add": 0.3
}
